{
  "train_loss": [
    2.241423239373857,
    2.138061784634924,
    2.094144188674392,
    2.0566959001456095,
    2.0283481262292073,
    2.0059875948413923,
    1.985409502011196,
    1.964466090414934,
    1.9469337106510332,
    1.9340187835085922,
    1.9023664931582798,
    1.8840552682329894,
    1.8531295121855038,
    1.7812837377475326,
    1.6282312254996816,
    1.1655081958527778,
    0.46775262451665417,
    0.3445646708748143,
    0.21077952726156848,
    0.12860125026837654,
    0.07670309186385126,
    0.09111436285007342,
    0.06492529802949755,
    0.08292516784825522,
    0.12324677174614304,
    0.13328256300846292,
    0.03968378563951345,
    0.048301066900751775,
    0.0246508125746682,
    0.021012266147229227,
    0.01362672177733628,
    0.013320251952287308,
    0.02262195399710256,
    0.024271411314060923,
    0.021903312248237147,
    0.010854129514146809,
    0.008570737571004707,
    0.009506534834341947,
    0.007967407185255081,
    0.005409589553753116,
    0.0045689898457787455,
    0.011511144415137304,
    0.011139645587110145,
    0.00831324179715382,
    0.005523676696866691,
    0.011814137764281005,
    0.0312058112894001,
    0.014826732201599606,
    0.008657323228414794,
    0.007262292543276374
  ],
  "train_acc": [
    0.010151273885350318,
    0.015027866242038217,
    0.016122611464968153,
    0.019605891719745222,
    0.020302547770700636,
    0.024681528662420384,
    0.024980095541401275,
    0.02945859872611465,
    0.03184713375796178,
    0.02945859872611465,
    0.03274283439490446,
    0.03542993630573248,
    0.038913216560509556,
    0.050955414012738856,
    0.07762738853503184,
    0.2154657643312102,
    0.649781050955414,
    0.7808519108280255,
    0.859375,
    0.9157046178343949,
    0.9513335987261147,
    0.9446656050955414,
    0.9626791401273885,
    0.9457603503184714,
    0.9136146496815286,
    0.9206807324840764,
    0.977109872611465,
    0.9758160828025477,
    0.9837778662420382,
    0.9891520700636943,
    0.9937300955414012,
    0.9937300955414012,
    0.9859673566878981,
    0.9891520700636943,
    0.9875597133757962,
    0.994327229299363,
    0.9952229299363057,
    0.9959195859872612,
    0.995421974522293,
    0.9978105095541401,
    0.9975119426751592,
    0.9928343949044586,
    0.9940286624203821,
    0.996218152866242,
    0.9968152866242038,
    0.9933320063694268,
    0.9806926751592356,
    0.9920382165605095,
    0.9947253184713376,
    0.9966162420382165
  ],
  "val_loss": [
    2.132323704659939,
    2.093527629971504,
    2.0501678735017776,
    2.0170103423297405,
    2.0140412747859955,
    1.983152873814106,
    1.960015632212162,
    1.9570688419044018,
    1.9533080384135246,
    1.9191605895757675,
    1.8928359001874924,
    1.8811068199574947,
    1.7632804699242115,
    1.6520148925483227,
    1.4137540869414806,
    0.4933098144829273,
    0.06918842147570103,
    0.31245305947959423,
    0.1902206288650632,
    0.03153594184550457,
    0.0036026394864165923,
    0.031919371933327056,
    0.052583395154215395,
    0.013698929229576606,
    0.0543135114130564,
    0.012058058280672412,
    0.002064431395410793,
    0.0018321048792131478,
    0.0021819034382133395,
    0.0022875909562571906,
    0.0003438314492996142,
    0.00035027755939154304,
    0.001034576668189402,
    0.0007755650185572449,
    0.0011567655951694178,
    0.00020435105557226052,
    0.00021245259586066823,
    0.00019914690460609563,
    0.00015036760623843293,
    0.0001300566223108035,
    0.00010558217900324962,
    0.004832143215253382,
    8.963613413470739e-05,
    7.567125089735782e-05,
    0.0019450614795459842,
    0.0340767283837522,
    0.009284580773737616,
    0.014557977013282652,
    0.009507392264936243,
    0.008215227324853913
  ],
  "val_acc": [
    0.015625,
    0.0205078125,
    0.0166015625,
    0.0244140625,
    0.0185546875,
    0.0244140625,
    0.02734375,
    0.021484375,
    0.02734375,
    0.02783203125,
    0.033203125,
    0.0341796875,
    0.0439453125,
    0.06591796875,
    0.126953125,
    0.56103515625,
    0.94189453125,
    0.8017578125,
    0.841796875,
    0.9853515625,
    0.99853515625,
    0.98095703125,
    0.955078125,
    0.9912109375,
    0.962890625,
    0.990234375,
    0.99951171875,
    0.99853515625,
    0.9990234375,
    0.99853515625,
    1.0,
    1.0,
    0.99951171875,
    1.0,
    0.9990234375,
    1.0,
    1.0,
    1.0,
    1.0,
    1.0,
    1.0,
    0.99755859375,
    1.0,
    1.0,
    0.99853515625,
    0.9892578125,
    0.99365234375,
    0.99462890625,
    0.99462890625,
    0.99462890625
  ],
  "test_loss": 0.0004534878157755884,
  "test_acc": 1.0
}