{
  "train_loss": [
    0.7144266336586824,
    0.6932886425097278,
    0.693064204446829,
    0.6930105078751874,
    0.6930535253445813,
    0.6930086870861661,
    0.6929691604747894,
    0.6929887282620569,
    0.6930006040129691,
    0.6929642763107445,
    0.6929725135207936,
    0.6930094520757153,
    0.6930097398484588,
    0.6929796535498017,
    0.6929932775770783,
    0.6929601411910573,
    0.6929919218561452,
    0.6929678590434372,
    0.6929894063123472,
    0.6930004772107312,
    0.6930017008143625,
    0.6929658769042628,
    0.6929893091226079,
    0.6930212044412163,
    0.692988908594581,
    0.6929548504246268,
    0.6929764128794336,
    0.6929765711924073,
    0.6930098753825874,
    0.6930312199197757
  ],
  "train_acc": [
    0.4971,
    0.5096,
    0.5093,
    0.5093,
    0.5093,
    0.5093,
    0.5093,
    0.5093,
    0.5093,
    0.5093,
    0.5093,
    0.5093,
    0.5093,
    0.5093,
    0.5093,
    0.5093,
    0.5093,
    0.5093,
    0.5093,
    0.5093,
    0.5093,
    0.5093,
    0.5093,
    0.5093,
    0.5093,
    0.5093,
    0.5093,
    0.5093,
    0.5093,
    0.5093
  ],
  "val_loss": [
    0.6935273800045252,
    0.6939271353185177,
    0.6935187261551619,
    0.6935403030365705,
    0.6935479063540697,
    0.6936039794236422,
    0.6935980282723904,
    0.6936204303056002,
    0.6936329863965511,
    0.6935948319733143,
    0.6936161853373051,
    0.6936764121055603,
    0.6936464514583349,
    0.6936458721756935,
    0.6936450712382793,
    0.693647064268589,
    0.6936444733291864,
    0.6936473827809095,
    0.6936422940343618,
    0.693640748038888,
    0.6936452519148588,
    0.6936442814767361,
    0.6936452127993107,
    0.6936414297670126,
    0.6936406511813402,
    0.693640535697341,
    0.693639637902379,
    0.6936407927423716,
    0.6936407834291458,
    0.6936400458216667
  ],
  "val_acc": [
    0.494,
    0.494,
    0.494,
    0.494,
    0.494,
    0.494,
    0.494,
    0.494,
    0.494,
    0.494,
    0.494,
    0.494,
    0.494,
    0.494,
    0.494,
    0.494,
    0.494,
    0.494,
    0.494,
    0.494,
    0.494,
    0.494,
    0.494,
    0.494,
    0.494,
    0.494,
    0.494,
    0.494,
    0.494,
    0.494
  ],
  "test_loss": 0.6935589648783207,
  "test_acc": 0.49
}