{
  "train_loss": [
    0.7163251866200927,
    0.6941692722830802,
    0.69349789885199,
    0.693391775629323,
    0.6933205488381112,
    0.6931195407156732,
    0.6930656091422792,
    0.6930737161332634,
    0.6929917081146483,
    0.6930398603153837,
    0.6929995846596493,
    0.6930533396969935,
    0.692909946487208,
    0.6930102276953922,
    0.6929444199914385,
    0.692975811517922,
    0.6928923775436012,
    0.6929383505681518,
    0.6928944990133784,
    0.6928878494888354,
    0.6928881213163874,
    0.6927728394793856,
    0.692786445283586,
    0.6926923128449993,
    0.6924776218499348,
    0.6922447950976669,
    0.6918402667258196,
    0.6909355551573881,
    0.6888545413685453,
    0.6878475877130108
  ],
  "train_acc": [
    0.5006,
    0.4968,
    0.4987,
    0.5037,
    0.5029,
    0.5038,
    0.5086,
    0.5093,
    0.5093,
    0.5093,
    0.5093,
    0.5093,
    0.5093,
    0.5093,
    0.5093,
    0.5093,
    0.5093,
    0.5093,
    0.5093,
    0.5093,
    0.5093,
    0.5093,
    0.5093,
    0.5093,
    0.5093,
    0.5093,
    0.5089,
    0.5297,
    0.5411,
    0.5449
  ],
  "val_loss": [
    0.6930902972817421,
    0.6976525820791721,
    0.6934024263173342,
    0.6931094918400049,
    0.6931276600807905,
    0.693398492410779,
    0.6934099067002535,
    0.6934885680675507,
    0.693558732047677,
    0.693605225533247,
    0.6933656856417656,
    0.6934474930167198,
    0.6937415860593319,
    0.6935824658721685,
    0.6935612671077251,
    0.6935485638678074,
    0.6936127841472626,
    0.6936522256582975,
    0.6936661340296268,
    0.693581173196435,
    0.6936232466250658,
    0.6935831774026155,
    0.6936081070452929,
    0.6934483218938112,
    0.6933920364826918,
    0.6934732869267464,
    0.6933285892009735,
    0.6925966441631317,
    0.6953758411109447,
    0.6948974877595901
  ],
  "val_acc": [
    0.5045,
    0.494,
    0.494,
    0.506,
    0.506,
    0.494,
    0.494,
    0.494,
    0.494,
    0.494,
    0.494,
    0.494,
    0.494,
    0.494,
    0.494,
    0.494,
    0.494,
    0.494,
    0.494,
    0.494,
    0.494,
    0.494,
    0.494,
    0.494,
    0.494,
    0.494,
    0.513,
    0.5185,
    0.5095,
    0.5135
  ],
  "test_loss": 0.696669440716505,
  "test_acc": 0.4845
}