{
  "train_loss": [
    0.7319425215387041,
    0.6938820211750687,
    0.6933179797640272,
    0.693237698002226,
    0.6932833327609262,
    0.6931412485754413,
    0.6930835835493294,
    0.6930446837358414,
    0.6929875293355079,
    0.6930069513381667,
    0.6930231129287914,
    0.6929202626465233,
    0.6931889812657788,
    0.6930487197675522,
    0.6929878562119356,
    0.6930142948581914,
    0.6929481743247645,
    0.6929980539212561,
    0.6929631301551867,
    0.6930053852925635,
    0.6930005121382938,
    0.6929451439790665,
    0.6929877855975157,
    0.6929758354357094,
    0.6929608932725942,
    0.6930172659788921,
    0.692978844521152,
    0.6929567418280681,
    0.692961791898035,
    0.692978609899047
  ],
  "train_acc": [
    0.4937,
    0.4907,
    0.5056,
    0.5054,
    0.503,
    0.5047,
    0.5093,
    0.5093,
    0.5092,
    0.5093,
    0.5093,
    0.5092,
    0.5091,
    0.5093,
    0.5093,
    0.5093,
    0.5093,
    0.5093,
    0.5093,
    0.5093,
    0.5093,
    0.5093,
    0.5093,
    0.5094,
    0.5093,
    0.5093,
    0.5093,
    0.5093,
    0.5093,
    0.5093
  ],
  "val_loss": [
    0.695192500948906,
    0.6943721678107977,
    0.6935062371194363,
    0.6931018605828285,
    0.6931394711136818,
    0.6934070847928524,
    0.6933820694684982,
    0.6935154441744089,
    0.6936154961585999,
    0.6936431024223566,
    0.6935087144374847,
    0.6943389177322388,
    0.6934501882642508,
    0.693467715755105,
    0.693501690402627,
    0.6935224998742342,
    0.6935383211821318,
    0.6935797575861216,
    0.6936163622885942,
    0.6936152037233114,
    0.6936420053243637,
    0.6936253346502781,
    0.6936545427888632,
    0.6936436835676432,
    0.6936417073011398,
    0.6936453394591808,
    0.6936258021742105,
    0.6936222724616528,
    0.6936303656548262,
    0.693626007065177
  ],
  "val_acc": [
    0.506,
    0.494,
    0.494,
    0.506,
    0.506,
    0.494,
    0.494,
    0.494,
    0.494,
    0.494,
    0.494,
    0.494,
    0.494,
    0.494,
    0.494,
    0.494,
    0.494,
    0.494,
    0.494,
    0.494,
    0.494,
    0.494,
    0.494,
    0.494,
    0.494,
    0.494,
    0.494,
    0.494,
    0.494,
    0.494
  ],
  "test_loss": 0.6947814524173737,
  "test_acc": 0.51
}